{"train_loss": [0.995363289969308, 0.9216978975704738, 0.8605933012281145, 0.8389197049822126, 0.8298584178515843, 0.8113373804092407, 0.7966135978698731, 0.7867941808700561, 0.7811778429576329, 0.7742285748890468, 0.7700983343805585, 0.7694893475941249, 0.754074923651559, 0.7487204313278198, 0.7496426500592913, 0.7354929065704345, 0.7251578889574324, 0.7309273992265973, 0.7206008986064366, 0.6997444541113718, 0.6921929928234646, 0.6850223193849836, 0.6844359997340611, 0.6817397390093122, 0.6809867147036961, 0.6845639072145735, 0.6737863295418876, 0.6687288563592093, 0.6756519593511309, 0.6664056784766061, 0.6678398643221174, 0.667639354637691, 0.6678979587554932, 0.6650467688696725, 0.6625448063441686, 0.6579837434632437, 0.6606024466242109, 0.6564084679739816, 0.656929065159389, 0.6562875822612217, 0.6578326487541198, 0.6569226929119655, 0.6610932448932103, 0.6665662942613875, 0.663628352028983, 0.6605934170314244, 0.6559484481811524, 0.658031017099108, 0.661936593055725, 0.6573167201450892, 0.6645608098166329, 0.6583032103947231, 0.6612013496671404, 0.6674491780144828, 0.6587271506445749, 0.6577025025231498], "val_loss": [0.9688241275151571, 1.1082419029871622, 1.7156955750783285, 0.8513876136144002, 0.8263094186782837, 0.8308500440915426, 0.905376443862915, 0.8154937911033631, 0.7837030164400737, 0.7819643354415894, 0.892990403175354, 0.7695047283172607, 0.6808234508832296, 0.7201829640070597, 0.7258767978350321, 0.7028890180587769, 0.7382205994923909, 0.7078282197316488, 0.6918994609514872, 0.6783613189061483, 0.6714764277140299, 0.6846879315376282, 0.6711925427118938, 0.6695126374562581, 0.6691011794408163, 0.6632378419240316, 0.6749550636609395, 0.6746021636327107, 0.6646737829844157, 0.6787630446751912, 0.6720783853530884, 0.6998435680071513, 0.6751102908452352, 0.6755561717351277, 0.6657086451848347, 0.6694901498158773, 0.6660188062985738, 0.6673692083358764, 0.6690767923990886, 0.6748334471384684, 0.6695740079879761, 0.6715777619679769, 0.6749044148127238, 0.6748611132303873, 0.6700763773918151, 0.6724161450068156, 0.6694951669375102, 0.675983301003774, 0.66913915793101, 0.6704297955830892, 0.6675541003545126, 0.6692605606714884, 0.6697105916341146, 0.6712107928593953, 0.6761109590530395, 0.6674000469843546], "train_iou": [0.29173662066459655, 0.32430947831698825, 0.4073922882761274, 0.42041329077311923, 0.425987993649074, 0.4451423020022256, 0.4541771161556244, 0.4563214494500841, 0.4616484568800245, 0.4660250624588558, 0.4706327227183751, 0.46959401420184543, 0.4811221732412066, 0.48524349757603236, 0.48430805342538014, 0.4950663723264422, 0.501810941014971, 0.4990509918757847, 0.5061272105148861, 0.5194005901472909, 0.5245652059146336, 0.5264519153322492, 0.5271790558951241, 0.5306329485348292, 0.5285429998806545, 0.532238849231175, 0.5391720076969692, 0.5414705521719796, 0.5364313411712647, 0.5450311410427093, 0.5415622626032148, 0.5431390493256705, 0.5406075089318412, 0.5428247581209455, 0.5459886530467443, 0.544803626537323, 0.5476391308648245, 0.5494259193965367, 0.5483982181549072, 0.5481821479116167, 0.5486660064969744, 0.5482547191211156, 0.5489115500450135, 0.5424687528610229, 0.5414946838787624, 0.5483937202181135, 0.5485481313296727, 0.5488077892575945, 0.5446657497542245, 0.5467077554975237, 0.543221880708422, 0.5496472546032497, 0.5461088946887425, 0.5427869943210056, 0.5490186033930098, 0.5486357191630772], "val_iou": [0.24738184452056886, 0.31173257033030194, 0.3278600219885508, 0.39398016373316447, 0.3444982361793518, 0.19817333420117697, 0.3862816019852956, 0.3960880883534749, 0.424822363058726, 0.37981338739395143, 0.4342106930414836, 0.44105653842290243, 0.4286094657580058, 0.4353607964515686, 0.4554724343617757, 0.4392860730489095, 0.4575497007369995, 0.4728960545857747, 0.4466994285583496, 0.47767510096232096, 0.4790765905380249, 0.476775229771932, 0.47687718868255613, 0.4715954033533732, 0.4751922575632731, 0.47581947724024454, 0.48283664782842, 0.47911598285039264, 0.4824029835065206, 0.4795374814669291, 0.4817261989911397, 0.4761955769856771, 0.47911804596583046, 0.48118753830591837, 0.48172174612681073, 0.48442790349324544, 0.4822552982966105, 0.4835458858807882, 0.4838434767723083, 0.48416589975357055, 0.48431467135747275, 0.4836266334851583, 0.48371920982996625, 0.4854545879364014, 0.4834025446573893, 0.48071482658386233, 0.48425441900889077, 0.48462656418482464, 0.482908976872762, 0.48386093934377034, 0.4829586251576741, 0.4844036626815796, 0.48268254280090334, 0.4850776521364848, 0.4848248314857483, 0.4832025798161825]}