{"train_loss": [0.979768842288426, 0.9521185425349644, 0.9244399687222072, 0.8769632090841021, 0.8455284728322711, 0.840606677872794, 0.8396617766789027, 0.811914963041033, 0.8136069195611136, 0.8037469666344779, 0.8005716088839939, 0.7978649163246154, 0.7945603844097683, 0.7828711264474051, 0.7956630611419677, 0.7799667058672224, 0.7692132295880999, 0.7725426094872611, 0.7596564878736224, 0.7608679131099156, 0.7637449319022043, 0.7512154081889562, 0.7508504343032837, 0.7404363264356341, 0.7442017030715943, 0.7527857112884522, 0.7360514054979597, 0.723779708317348, 0.7324792153494699, 0.7283955717086792, 0.7230414278166635, 0.720723821095058, 0.7240201354026794, 0.7120894193649292, 0.6998913369859968, 0.7003159301621573, 0.7013748523167201, 0.6889329399381365, 0.6922483110427856, 0.6848304452214922, 0.682543580191476, 0.6729399630001613, 0.6649104540688651, 0.6781234727587019, 0.6573886067526681, 0.641445345878601, 0.6335898246083941, 0.6305996458871024, 0.6237092093058995, 0.6126239565440587, 0.6152965068817139, 0.6099976178577968, 0.6021954311643328, 0.5958558760370527, 0.5962434193066188, 0.5882098048073905, 0.5923681800706045, 0.5949229805810111, 0.5722785745348249, 0.5704786215509687, 0.564336451121739, 0.5582606826509748, 0.5530798895018442, 0.552063033751079, 0.5406635529654367, 0.5445848083496094, 0.5349052524566651, 0.522951169695173, 0.5137397023609707, 0.5250417620795114, 0.5066580237661089, 0.5171066808700562, 0.5130259650094169, 0.4754121266092573, 0.44773149762834824, 0.43981587733541216, 0.4251887968608311, 0.42887604304722377, 0.4156599634034293, 0.4204829720088414, 0.4259491913659232, 0.4059552427700588, 0.4132470268862588, 0.4050964748859405, 0.40820441382271905, 0.3964468916824886, 0.38114392825535365, 0.4014141525541033, 0.3910632084097181, 0.3857720252445766, 0.3832184956754957, 0.3838877938474928, 0.37793610300336566, 0.37499130964279176, 0.37955389499664305, 0.3813685613019126, 0.3783645955153874, 0.38094148908342634, 0.3790372497694833, 0.38320409332002914, 0.3697345236369542, 0.3766021527562823, 0.3838280633517674, 0.38403725232396807, 0.38143762929098946, 0.38002490554537094, 0.37461454238210407, 0.3773013547488621, 0.37919263567243305, 0.38835436633655, 0.3875893119403294, 0.37931322268077305], "val_loss": [0.9178355773289998, 0.8936922709147136, 0.9408235144615174, 0.7882521216074626, 0.7772884448369344, 0.7628342437744141, 0.760112910270691, 0.8289951880772909, 0.770810268719991, 0.7319873476028442, 0.8339790074030559, 0.7533447043100993, 0.746904452641805, 0.7269221035639445, 0.7523860700925191, 0.7573498106002807, 0.7278899399439493, 0.734567289352417, 0.7185313320159912, 0.7785122601191202, 0.7317937994003296, 0.7522073864936829, 0.7098168118794759, 0.7131876802444458, 0.72375998655955, 0.6980366786321004, 0.6952171405156453, 0.6915228430430095, 0.7014380955696106, 0.7343876806894938, 0.6890469185511271, 0.6761978872617086, 0.6957994985580445, 0.7246421432495117, 0.6905569076538086, 0.7130414652824402, 0.7230727243423462, 0.6709567387898763, 0.6670084921518962, 0.7624299621582031, 0.6450245904922486, 0.6716308776537577, 0.7152970504760742, 0.6709747552871704, 0.6221990664800008, 0.6409249250094096, 0.6352236930529277, 0.6070272890726726, 0.6718236541748047, 0.789260319073995, 0.5927461751302083, 0.6227932834625244, 0.6673980561892191, 0.5964786020914713, 0.5910227680206299, 0.6691571442286174, 0.6762464292844137, 0.5848221325874329, 0.7454026476542155, 0.5898047550519308, 0.5632710035641988, 0.6277478472391764, 0.5627854681015014, 0.562424209912618, 0.5933478848139445, 0.6459497435887654, 0.5294470528761546, 0.5869409338633219, 0.7209579579035441, 0.616368993918101, 0.551285851796468, 0.5616603358586629, 0.540789335568746, 0.5144985961914063, 0.5118052577972412, 0.5112830766042074, 0.5108720469474792, 0.5171878306070964, 0.5058834858735403, 0.5204417284329732, 0.518138723373413, 0.5029153513908386, 0.5072110108534496, 0.5042536767323812, 0.516490663687388, 0.5228484630584717, 0.5090420174598694, 0.5119186449050903, 0.518409005800883, 0.5170304870605469, 0.5199002782503764, 0.5130025275548299, 0.5165597947438558, 0.514481422106425, 0.5092873279253641, 0.5166089773178101, 0.5096057637532552, 0.5121449875831604, 0.5122107005119324, 0.5123504900932312, 0.5190416351954142, 0.5258846918741862, 0.5156188631057739, 0.5111659987767537, 0.5140614748001099, 0.5137371651331584, 0.5214807677268982, 0.5147230943044027, 0.5171070853869121, 0.521678425470988, 0.5107096234957377, 0.514527702331543], "train_iou": [0.23168488962309702, 0.23351471832820347, 0.2941289063862392, 0.37948940515518187, 0.423668954883303, 0.41410133174487523, 0.42685994556971957, 0.4491511482851846, 0.4438748710496085, 0.45281099319458007, 0.4511979814938136, 0.45944398743765696, 0.4612445049626487, 0.46460855620247976, 0.4540792683192662, 0.47061353547232493, 0.4729210821219853, 0.4713798492295401, 0.48552065321377347, 0.4828712248802185, 0.476929624080658, 0.4916705094064985, 0.487345815045493, 0.4989154761178153, 0.49742249250411985, 0.4890533115182604, 0.49930004256112237, 0.5068379408972604, 0.5027617621421814, 0.5089670494624546, 0.5117932619367327, 0.5154197062764849, 0.5115160260881696, 0.5217490184307099, 0.5262389315877642, 0.5273272258894784, 0.5281780709539141, 0.5395360394886561, 0.5314208109038216, 0.5417300742013114, 0.5307490171704974, 0.5478960837636675, 0.5527199152537755, 0.5425415802001953, 0.5592079775674003, 0.5718131753376552, 0.5726906449454171, 0.5778226743425642, 0.5788003652436393, 0.5921116985593523, 0.5915237869535174, 0.5938100716045924, 0.5962860986164638, 0.6005069395474025, 0.5997609029497419, 0.606864275932312, 0.599347915649414, 0.6016879756110055, 0.6160350479398455, 0.6199493261745997, 0.620193247795105, 0.6273244789668492, 0.6296840054648263, 0.6299764772823878, 0.638284136567797, 0.6341169660431998, 0.6424665600912911, 0.6518978875023979, 0.6562416083472116, 0.6501364190237863, 0.6601577530588423, 0.6524612699236189, 0.6591629699298314, 0.685607191494533, 0.7019238431113107, 0.7039589078085763, 0.7124280340330942, 0.7155490606171744, 0.720897261755807, 0.7175869144712176, 0.7182015752792359, 0.7285537927491325, 0.7227211928367615, 0.7307512133462088, 0.7306351232528686, 0.7334632471629552, 0.7446232128143311, 0.7305934010233198, 0.7383821068491254, 0.7391711854934693, 0.7421612797464643, 0.7436274371828352, 0.7466586089134216, 0.7463559518541608, 0.7449736223902022, 0.7441337289128984, 0.7449609528269087, 0.7458142406599862, 0.7422874634606498, 0.7422448148046221, 0.751217291355133, 0.7473072818347386, 0.7425861307552882, 0.7409631214823041, 0.7433949027742658, 0.743862533569336, 0.748814799785614, 0.7457890667234148, 0.7453337185723441, 0.7411548171724592, 0.7424827241897582, 0.7434678895132882],