{"train_loss": [0.9554514237812587, 0.8556772899627686, 0.8340048354012626, 0.8105088676725115, 0.8088978665215628, 0.7983819695881434, 0.7938480424880981, 0.7833869184766497, 0.7717291075842722, 0.7728345475878035, 0.768290616444179, 0.7523768724714006, 0.7465575061525618, 0.7460059888022287, 0.7335219073295594, 0.7364443526949201], "val_loss": [1.0576143709818522, 0.7803891849517822, 0.7765594530105591, 0.7936837291717529, 0.7357484443982443, 0.7556811094284057, 0.7270995426177979, 0.8565928188959757, 0.6958165502548218, 0.7313033707936605, 0.6924555500348409, 0.7845683495203654, 0.7192991224924723, 0.7003902339935303, 0.7195196962356567, 0.7364615313212077], "train_iou": [0.3479366454056331, 0.4156277016230992, 0.4373165678977966, 0.44655026708330425, 0.44572779859815326, 0.4530704132148198, 0.4541796428816659, 0.4664490372794015, 0.4682412815093994, 0.46638771891593933, 0.4751870363099234, 0.48353234257016864, 0.48792808873312815, 0.4861444732121059, 0.49463884932654245, 0.49643775735582624], "val_iou": [0.33601635217666626, 0.399913444519043, 0.3979653739929199, 0.42707078615824384, 0.3817930086453756, 0.35769119262695315, 0.45316159884134927, 0.43600210547447205, 0.4459751240412394, 0.43969656467437745, 0.4180120881398519, 0.4480347967147827, 0.4548067569732666, 0.4273358074824015, 0.42941019852956136, 0.4522748410701752]}