{"train_loss": [0.9179206763163332, 0.8524402576143532, 0.8241065066513035, 0.7969842470110197, 0.7777159119452774, 0.7577152462229607, 0.7352349410864599, 0.7068463517765207, 0.6629965652773341, 0.6284303226457392, 0.5942712063409809, 0.5775229543653251, 0.5593184422975434, 0.5373303127317867, 0.5279013327159884, 0.51300143713039, 0.49801732513600216, 0.4967974502952847, 0.4859888119192138, 0.48459204038522136, 0.4705292299537096, 0.46548908879506146, 0.4559288931277022, 0.45876924643759254, 0.44752849125887945, 0.4432431647027799, 0.43479920897687807, 0.4329502701686719, 0.43414214154582104, 0.4269654966585204, 0.4203996896033715, 0.41796339371537783, 0.414231072287768, 0.41222656665174956, 0.4073960650866064, 0.36850046708068396, 0.3502399382901737, 0.3447935012393219, 0.3421288787374578, 0.33863733280200475, 0.3378983505672348, 0.32942372891727667, 0.3299104773628707, 0.3295425676324782, 0.3228656622921967, 0.31647465199825164, 0.31504259685452063, 0.31337104207433025, 0.3159358780697458, 0.30923820485583947, 0.3118681060343162, 0.3117315421024388, 0.3133342161833135, 0.30907422877849156, 0.31182352768256505, 0.3096841421455883, 0.3089701148957575, 0.3103406673333344, 0.30816647288553023, 0.3082536641123557, 0.30881132579421067, 0.31030355279510524, 0.3097774902893465, 0.3069537870492118, 0.3102258817017022, 0.3086440574094861, 0.3079176249016085, 0.31004983130239805, 0.30692610991038244, 0.30710289054525647, 0.30652177907124056, 0.3085056296362515, 0.3118861025905067, 0.3111854819075348, 0.30789972707998353, 0.3112370718295251, 0.3086172551082083, 0.3082382527452466, 0.3071768612609562, 0.30953659214249835], "val_loss": [0.9062990766258818, 0.8191033972500248, 0.7828066688120441, 0.7331535950321916, 0.7909480651320158, 0.7124139284514899, 0.681464742468823, 0.6563087367981333, 0.6110589468072247, 0.6076982901461055, 0.5007050139111303, 0.54422278365052, 0.5670351786951048, 0.5935092881114685, 0.45708079344102015, 0.5182008939205319, 0.42766916872427224, 0.4740080819117887, 0.43459597572816155, 0.4145367178317117, 0.4385432594946754, 0.4553152655831782, 0.48982957838157337, 0.46752156865430994, 0.4102733156322378, 0.5390947296103997, 0.4473190858451515, 0.43389061217663716, 0.3841990246031287, 0.42315974292803354, 0.3895570964336998, 0.40799064740218344, 0.42663334349615384, 0.3968289674232642, 0.43498647058507434, 0.3449374577866493, 0.3502399868669763, 0.3470589037037981, 0.32521986840799094, 0.3376596923799792, 0.33866641516932644, 0.35601127592260406, 0.34135372931074104, 0.3615696550771952, 0.33666485065756796, 0.33750494738143555, 0.3427623635447583, 0.3322498216641085, 0.32382507578913694, 0.32057430786369123, 0.33707360435376127, 0.33322640857865327, 0.3339937568162998, 0.34322405200541095, 0.33634821978290524, 0.32807204296857156, 0.32995177762095457, 0.3236884100624041, 0.32458919934768293, 0.33149596984708957, 0.32156852886137255, 0.33770404724043934, 0.33573055549909736, 0.3340269854638429, 0.3304092876528367, 0.32465444277270256, 0.3266061938517314, 0.32866253940254336, 0.32650833530763607, 0.32481012874849224, 0.3261037753746573, 0.33515245182022885, 0.33372951420459673, 0.3216950702380893, 0.3278291557742431, 0.32406728306853516, 0.32658709180641415, 0.32241647674521967, 0.3259063731554034, 0.32832660649428624], "train_iou": [0.430792246201985, 0.47351365046570876, 0.4926975377562631, 0.5126470075628989, 0.5251440153935935, 0.5385535165003871, 0.5545845117913671, 0.5721221002751989, 0.6007439577484286, 0.622419770029896, 0.6430319837970664, 0.6525710278763183, 0.6630339865531524, 0.6755563049350618, 0.683143375173899, 0.6911227140856544, 0.6997607214066436, 0.7000356420735407, 0.706841757547005, 0.7085814432037915, 0.7159304435995155, 0.7202025710511663, 0.7254700607612489, 0.7239768493638659, 0.7295298060109526, 0.7324182172419981, 0.738201251408559, 0.7383061382998726, 0.7375129404080257, 0.7418239070595529, 0.7452168774343366, 0.7479623923754198, 0.7487099719125008, 0.7499305386334775, 0.7522200200430866, 0.774601574056733, 0.7849148117561567, 0.7866967687978624, 0.7894107084143899, 0.7906038111434571, 0.7910800805446242, 0.7961362186313499, 0.7944289071562811, 0.7965079712596623, 0.8001377652103594, 0.8032574150774336, 0.8040492790016767, 0.8041708195130428, 0.8046516647144569, 0.8069018654366928, 0.8062038161975049, 0.8056400478475226, 0.8055663975098144, 0.8076051296425459, 0.8059463238173898, 0.8067209185565681, 0.8064510826249882, 0.8080346149731444, 0.8077258740320925, 0.8086098402040615, 0.8069654012849564, 0.8066392565622403, 0.8067644797321003, 0.8093462196031603, 0.8073593593505491, 0.8072733058486624, 0.8071549222855666, 0.8061456544660369, 0.8079491650217422, 0.8083706545429558, 0.8088713796967919, 0.8071116923688794, 0.8058892742809979, 0.8061688038062481, 0.8075377228006033, 0.8067829603430414, 0.8070380848687315, 0.8077843767937908, 0.8072026419804192, 0.8064082615169279], "val_iou": [0.42401377572271826, 0.4305739507512407, 0.4470193413205153, 0.5070016170874256, 0.5136350388774076, 0.5279158343256047, 0.5513662982228131, 0.575087102414986, 0.5868178385247473, 0.6156429431381177, 0.6575847867165142, 0.6481886046424075, 0.6395056793270762, 0.6146404419927922, 0.6890363657821144, 0.6637540427230855, 0.7053734130413282, 0.6909610790338288, 0.7051915347048666, 0.7053525490796972, 0.7000360107602723, 0.6955202658920915, 0.6865401727661924, 0.7015877638092234, 0.7169160475170265, 0.6552917806598841, 0.7068614758522863, 0.708370554763659, 0.7335454845699739, 0.7152265724731909, 0.7340935378249466, 0.727045362954194, 0.7119674053415185, 0.7263152948221575, 0.7116101890538646, 0.7599983167859305, 0.7591438535341873, 0.7618574376504129, 0.771633285638204, 0.7663560004059494, 0.7670648311995978, 0.7589506178378456, 0.7615315266867202, 0.7536875258203403, 0.7661803963060777, 0.7668507068256663, 0.7643656084872076, 0.7696733908014262, 0.7734264847451606, 0.7755042612175875, 0.7668098416250062, 0.7691873267537875, 0.7684517365641299, 0.7634177333033643, 0.7676365324278396, 0.7718110593170041, 0.7707808171451921, 0.773812604236844, 0.7738815887387273, 0.7700033685953066, 0.775261221959829, 0.766847246892835, 0.7681156651560787, 0.7686411121250254, 0.7706587155609758, 0.7735641695907535, 0.7728193602730743, 0.7715740055410961, 0.7727616812124867, 0.773558367971524, 0.7727889146575735, 0.7682404215959773, 0.768828953412631, 0.7751759221369939, 0.7720145243308336, 0.7742599077080052, 0.7728928792491725, 0.7748392208487587, 0.7730354647117982, 0.7717668938576497]}