{"train_loss": [0.9625636400495257, 0.8697552129200526, 0.8316269568034581, 0.8110803028515406, 0.8014544875281198, 0.7817274274144854, 0.787171014717647, 0.7794649389811924, 0.7747294218199594, 0.7563048642022269, 0.7660045562471662, 0.7537153836659023, 0.7453283997944423, 0.7279077046258109, 0.7215436955860682, 0.7134433473859515, 0.7003518608638218, 0.7029114042009627, 0.6978442083086286, 0.7002697031838553, 0.6968370291164944, 0.6954098456246512, 0.6849337571007865, 0.6923766721997943, 0.684866499219622], "val_loss": [0.8159407599767049, 0.8291736451784769, 0.9749557304382325, 0.7605438057581584, 0.746883734067281, 0.8484662803014119, 0.7137996673583984, 0.8081200575828552, 0.7190089885393779, 0.7880005606015523, 0.7417698772748311, 0.7151222801208497, 0.8862856547037761, 0.6855797100067139, 0.692858084042867, 0.6815535394350688, 0.6839797592163086, 0.6724322477976481, 0.6872339653968811, 0.6782578118642171, 0.6793073018391927, 0.6921204296747844, 0.6901355250676473, 0.6808679501215616, 0.6744100141525269], "train_iou": [0.3265513701098306, 0.4104066211836679, 0.43292323742594035, 0.44268677711486815, 0.4516099514280047, 0.46454278349876404, 0.45431848117283413, 0.4610086672646659, 0.4591331544944218, 0.4787785346167428, 0.4670008339200701, 0.48533630183764864, 0.4857453724316188, 0.49936622755868093, 0.5021748217514583, 0.5069307265962874, 0.5185848641395568, 0.5191825451169695, 0.5197550289971488, 0.5180252507754735, 0.5220339919839586, 0.5217086221490588, 0.5284437664917537, 0.523899143082755, 0.5286340481894357], "val_iou": [0.26961653073628744, 0.38044140497843426, 0.3785945002237956, 0.42797259012858074, 0.4040335257848104, 0.4266587448120117, 0.43413599173227946, 0.42423991243044534, 0.44540371735890705, 0.43917043368021647, 0.44664910634358723, 0.42411341905593875, 0.4365831549962362, 0.46403143405914304, 0.46557065963745115, 0.4679347880681356, 0.468439617951711, 0.4675828186670939, 0.4679679520924886, 0.4697272857030233, 0.47299616018931073, 0.47250168085098265, 0.46816609541575116, 0.4787576079368591, 0.4745737942059835]}