{"train_loss": [0.9644961861201695, 0.8831681088038853, 0.8582238749095372, 0.8430483790806361, 0.8342540802274432, 0.8245444709914072, 0.8253771390233721, 0.814641364301954, 0.8096721240452358, 0.8051119797570365, 0.7992073614256723, 0.799575948034014, 0.7902741922651019, 0.7858750677108765, 0.782035060269492, 0.7879221217972892, 0.7826051531519209, 0.7797790418352399, 0.7793701716831752, 0.7601035690307617, 0.7789732919420514, 0.7632424698557172, 0.7620692236082894, 0.7657460185459682, 0.7606172364098686, 0.7481111877305167, 0.7531999812807355, 0.746798575265067, 0.76938503912517, 0.7636604687145778, 0.7270148284094674, 0.7163108505521502, 0.7119964643887111, 0.7103928477423531, 0.7075474827630179, 0.7058600497245788, 0.6953336341040475, 0.6974247404507228, 0.6915027856826782, 0.6962723347118923, 0.6953437273842947, 0.6859214442116873, 0.685726729120527, 0.6838075351715088, 0.6781822245461601, 0.6770276934759958, 0.6728010865620204, 0.6706310660498482, 0.6800501271656582, 0.6674338640485491], "val_loss": [1.023288698196411, 0.8869547859827678, 0.8012824026743571, 0.7779979117711385, 0.8612597441673279, 0.8461079804102579, 0.7568770297368368, 0.7567507600784302, 0.7563775809605916, 0.7411754854520162, 0.8269027725855509, 0.7590760485331217, 0.742656279404958, 0.7652122990290324, 0.7602349869410197, 0.7231910912195841, 0.7372315406799317, 0.7404327837626139, 0.891879669825236, 0.7416086451212565, 0.7203846406936646, 0.8625990025202434, 0.7476159445444743, 0.7163754526774089, 0.7373089321454366, 0.7335073232650757, 0.7446444765726725, 0.7933876808484396, 0.8469003868103028, 0.722847105662028, 0.6984781233469645, 0.6855829254786173, 0.6985743808746337, 0.6964352774620056, 0.6986316100756327, 0.7085280553499858, 0.6781280628840128, 0.6851670980453491, 0.7001394017537435, 0.6853892556826273, 0.6720412230491638, 0.6952835528055826, 0.676307045618693, 0.694710123538971, 0.6890148305892945, 0.6725651550292969, 0.668604523340861, 0.6812855736414591, 0.6674219926198324, 0.6854636279741922], "train_iou": [0.27020877088819234, 0.3723049509525299, 0.40700062683650423, 0.4088068062918527, 0.42353830439703805, 0.4377785248415811, 0.42389109849929807, 0.4398758922304426, 0.445327696119036, 0.44631804534367153, 0.4488004515852247, 0.45533780166081017, 0.45912669811929974, 0.45891017522130695, 0.46215223738125394, 0.45520485162734986, 0.47148041861397877, 0.4646994801930019, 0.4733424760614123, 0.4837709188461304, 0.4710099792480469, 0.4803077495098114, 0.474310896056039, 0.4793143212795258, 0.48300959927695136, 0.49209408640861513, 0.48392155579158236, 0.48734950712748937, 0.4717834350040981, 0.48380372081484113, 0.5098755529948643, 0.5141217425891331, 0.5175876360280173, 0.5175292107037136, 0.5198882307325091, 0.52061721937997, 0.5312859596524919, 0.529566364628928, 0.5328520890644618, 0.5317683453219277, 0.5288948898656027, 0.530866094997951, 0.5323978275912149, 0.5383679747581482, 0.5392113181522914, 0.5402061125210353, 0.5422339350836618, 0.5448183839661734, 0.5376179708753314, 0.549498974595751], "val_iou": [0.35168423016866046, 0.3836867622534434, 0.38966552416483563, 0.23811120549837747, 0.40445385058720906, 0.3852297838528951, 0.4067975997924805, 0.33853286584218345, 0.34539987961451213, 0.4203021498521169, 0.42026569207509357, 0.38592271248499554, 0.4010129276911418, 0.365370458761851, 0.4309633986155192, 0.37327633062998455, 0.37470248579978943, 0.4410859711964925, 0.4236340618133545, 0.3940995740890503, 0.45328250964482625, 0.4325805143515269, 0.40471927165985105, 0.43812995751698813, 0.4586537957191467, 0.43615780433019, 0.4463514598210653, 0.3864756965637207, 0.43050441026687625, 0.32959265788396197, 0.46995222568511963, 0.4578634254137675, 0.46430696646372477, 0.46248634656270343, 0.4682131560643514, 0.463960755666097, 0.4596922794977824, 0.47249992211659747, 0.47474901914596557, 0.45982679843902585, 0.45264795859654744, 0.47730944951375326, 0.4624180316925049, 0.4746502113342285, 0.4773140827814738, 0.46343459288279215, 0.4661251417795817, 0.48140226046244305, 0.4746662990252177, 0.4768846265474955]}