{"train_loss": [0.9857056679044451, 0.9539546060562134, 0.9530408573150635, 0.9200212785175869, 0.9068203507150923, 0.8912874902997698, 0.8888939894948686, 0.871794890335628, 0.8574929908343724, 0.8544780676705497, 0.8659977531433105, 0.858387337071555, 0.8513821489470346, 0.8520362840379987, 0.8311067598206656, 0.8380810574122838, 0.8257215636117118, 0.8198512833459036, 0.8167131154877799, 0.8293110626084464, 0.8254998486382621, 0.8198356281008039, 0.8176063704490661, 0.8050711938313075, 0.7881327199935914, 0.7772720694541931, 0.774012404850551, 0.7667830228805542, 0.7597692237581526, 0.7617944172450475, 0.7576164994921003, 0.7513415234429496, 0.7517759200504848, 0.7486025503703526, 0.7421191825185504, 0.7502776220866612, 0.7347718528338841, 0.7461340972355434, 0.7414131593704224, 0.7396167414528984, 0.7407233694621495, 0.7375733361925397, 0.7390161888939993, 0.737285828249795, 0.7363126645769392, 0.7360000804492406, 0.740606643131801, 0.7395170320783343, 0.7387337415558951], "val_loss": [0.9235288127263387, 0.9799633280436197, 0.8983142900466919, 0.8657340264320373, 0.9614737558364869, 0.8163203779856364, 0.8448116207122802, 0.7838669633865356, 0.7934173742930094, 0.8576868947347005, 0.804464480082194, 0.7666564798355102, 0.7836111187934875, 0.7704218633969625, 0.8039925956726074, 0.8614258988698323, 0.8961704055468241, 0.7293916877110799, 0.7706818215052287, 0.7594720331827799, 0.7564023399353027, 0.7783676036198934, 0.7526967763900757, 0.7722890496253967, 0.7293258349100749, 0.7448644836743673, 0.728217712243398, 0.7489142354329427, 0.7152735042572022, 0.7596333440144857, 0.7388335752487183, 0.804226750532786, 0.7326135937372843, 0.7409589942296346, 0.7636083189646403, 0.7337960767745971, 0.7408327849706015, 0.7261539721488952, 0.7332062435150146, 0.731948800086975, 0.7280759270985921, 0.7251022942860921, 0.7382623386383057, 0.7379585711161295, 0.7296281830469767, 0.7336170148849487, 0.7350900983810424, 0.7258097950617473, 0.7283495903015137], "train_iou": [0.29247454268591744, 0.2952489615338189, 0.2895497752938952, 0.34988910266331263, 0.37046681880950927, 0.3796255816732134, 0.38801007407052174, 0.41027655465262275, 0.42369979534830365, 0.4342595205988203, 0.41522083963666645, 0.42652802893093655, 0.43806954996926445, 0.4309993318149022, 0.44843594789505004, 0.4375460076332092, 0.45340316772460937, 0.4490650858197893, 0.4559688186645508, 0.44957904543195454, 0.44871450322014944, 0.4434221160411835, 0.44990511076790946, 0.46611883299691337, 0.475846791607993, 0.4891149302891323, 0.48750463690076556, 0.49505917481013706, 0.5000464258875166, 0.49654426915305, 0.49753780926976887, 0.5058337444918496, 0.5059285725866045, 0.5096212802614485, 0.5126985219546727, 0.5062661574568067, 0.5131806203297207, 0.5072497599465506, 0.5105491226060049, 0.5100854924746923, 0.5104671396527971, 0.515103099175862, 0.5129919729913984, 0.5106028928075518, 0.5148021769523621, 0.5112406059673854, 0.5087590326581682, 0.5096843038286482, 0.5080970692634582], "val_iou": [0.2937379789352417, 0.3002415708700816, 0.20596352656682332, 0.2884617002805074, 0.3327006761233012, 0.28985553661982216, 0.38229097684224445, 0.3227182992299398, 0.23086125055948895, 0.417503962914149, 0.29587971448898315, 0.36893312851587934, 0.42684337695439656, 0.3998611044883728, 0.4229415448506673, 0.4127438759803772, 0.3661096958319346, 0.4383941205342611, 0.3995916700363159, 0.4321877201398214, 0.4205250358581543, 0.37721832990646365, 0.38710514704386395, 0.4273113926251729, 0.46188746134440106, 0.45934427420298257, 0.45798433462778726, 0.4512849998474121, 0.45262544552485146, 0.45876722733179726, 0.45151058514912923, 0.44626120328903196, 0.4494902515411377, 0.4656374184290568, 0.45588507334391276, 0.45779793898264565, 0.4606792934735616, 0.460871516863505, 0.46130942900975547, 0.46068628629048664, 0.46248709042867026, 0.46166546662648517, 0.4609636084238688, 0.46015695969263715, 0.4621404282251994, 0.4611915691693624, 0.45965965032577516, 0.4618009853363037, 0.4608477020263672]}